Hour,s5 c1000,s5 c2000,s5 c4000,s5 c8000,s4 c1000,s4 c2000,s4 c4000,s4 c8000,s3 c1000,s3 c2000,s3 c4000,s3 c8000,s2 c1000,s2 c2000,s2 c4000,s2 c8000,s1 c1000,s1 c2000,s1 c4000,s1 c8000,s0.5 c1000,s0.5 c2000,s0.5 c4000,s0.5 c8000
0,96,195,369,649,94,184,358,635,96,186,345,588,92,182,316,542,95,168,264,381,89,152,236,298
1,138,275,514,890,146,267,504,862,147,277,497,777,133,257,434,685,141,229,343,436,122,201,273,332
2,159,296,576,962,159,292,552,922,164,306,535,822,145,288,465,720,154,239,365,450,135,209,284,340
3,240,445,779,1242,222,426,755,1147,223,410,681,1007,214,380,595,850,206,301,427,481,186,262,323,360
4,263,475,850,1321,239,466,819,1188,242,447,729,1049,234,420,648,881,223,311,440,487,198,271,328,364
5,348,638,1076,1587,335,619,1023,1416,316,575,908,1191,309,525,748,955,280,372,474,520,245,312,348,381
6,384,674,1157,1647,361,662,1084,1470,354,606,950,1212,335,570,777,974,301,385,481,526,254,320,356,383
7,499,862,1375,1836,488,822,1268,1626,451,764,1083,1307,422,689,866,1014,353,441,507,548,298,349,377,398
8,556,913,1449,1879,517,873,1308,1661,487,797,1110,1319,464,720,893,1024,371,450,512,552,303,357,382,402
9,690,1144,1648,1989,664,1047,1483,1750,606,944,1231,1385,561,824,962,1066,420,500,536,576,347,389,399,426
10,754,1181,1700,2023,697,1093,1526,1766,643,971,1258,1395,588,865,981,1070,434,504,540,581,352,396,405,430
11,902,1379,1860,2092,844,1261,1640,1822,759,1098,1321,1435,678,925,1020,1108,484,531,560,609,380,417,425,451
12,964,1425,1904,2111,874,1312,1666,1834,796,1125,1335,1439,705,950,1035,1113,495,536,565,614,383,417,427,456
13,1111,1626,2007,2168,1022,1449,1757,1867,914,1225,1386,1480,785,1018,1058,1144,533,563,592,635,406,441,446,473
14,1187,1658,2036,2184,1055,1495,1772,1880,960,1242,1399,1486,817,1031,1069,1154,540,565,598,639,413,446,452,475
15,1346,1814,2110,2226,1209,1631,1833,1927,1080,1321,1449,1528,889,1066,1106,1194,572,588,623,667,436,469,477,495
16,1410,1849,2124,2240,1247,1659,1840,1940,1113,1336,1457,1531,905,1076,1120,1198,579,594,631,669,437,478,485,502
17,1545,1995,2182,2288,1381,1731,1891,1984,1194,1399,1501,1580,951,1115,1154,1231,603,615,650,700,459,490,511,526
18,1602,2026,2196,2308,1412,1756,1901,1998,1226,1405,1512,1589,965,1130,1171,1237,606,620,655,703,463,493,515,529
19,1722,2137,2257,2350,1523,1840,1953,2038,1303,1452,1550,1634,1006,1159,1189,1275,635,652,683,735,487,519,532,546
20,1773,2159,2270,2367,1549,1852,1963,2051,1323,1462,1561,1639,1022,1172,1205,1282,641,656,686,739,491,523,535,551
21,1854,2238,2318,2408,1667,1931,2013,2096,1387,1511,1603,1676,1061,1208,1239,1322,667,682,707,763,518,550,555,579
22,1885,2255,2333,2424,1695,1953,2026,2105,1400,1520,1615,1683,1075,1221,1254,1330,672,685,711,768,522,553,566,585
23,1974,2326,2376,2470,1779,2010,2060,2146,1463,1557,1661,1728,1118,1248,1287,1358,698,710,737,798,548,575,591,611
24,2006,2333,2389,2491,1791,2023,2071,2166,1474,1564,1675,1734,1126,1260,1301,1367,704,714,741,799,549,580,596,613
25,2087,2381,2435,2537,1868,2075,2122,2212,1520,1611,1710,1777,1166,1297,1323,1407,729,743,773,829,569,603,621,634
26,2119,2403,2451,2552,1890,2086,2135,2224,1528,1616,1717,1784,1178,1311,1337,1418,734,747,781,832,572,603,628,640
27,2186,2450,2500,2591,1948,2141,2171,2257,1580,1656,1753,1826,1209,1346,1365,1457,764,772,801,852,604,634,647,664
28,2218,2464,2515,2610,1962,2148,2180,2275,1590,1663,1767,1833,1221,1357,1378,1462,768,775,808,856,607,640,655,675
29,2271,2509,2558,2657,2014,2204,2225,2312,1634,1707,1814,1883,1251,1394,1408,1494,796,808,836,895,636,668,676,701
30,2298,2523,2574,2669,2029,2216,2238,2323,1643,1717,1827,1889,1262,1408,1420,1500,801,814,844,901,639,673,685,704
31,2348,2570,2614,2698,2083,2255,2282,2366,1695,1765,1859,1932,1304,1444,1455,1536,836,847,869,930,661,705,712,734
32,2370,2588,2630,2715,2097,2267,2297,2379,1706,1775,1869,1942,1323,1458,1471,1548,839,856,875,934,665,707,722,743
33,2416,2633,2666,2761,2131,2320,2333,2412,1741,1810,1911,1983,1350,1494,1500,1595,868,884,909,973,694,732,749,765
34,2438,2645,2684,2775,2149,2331,2345,2430,1750,1818,1925,1990,1358,1504,1520,1605,873,889,917,977,698,735,759,770
35,2483,2688,2727,2829,2204,2380,2387,2480,1804,1856,1965,2030,1391,1537,1545,1635,897,913,937,1007,732,766,782,793
36,2500,2700,2745,2842,2214,2388,2403,2498,1815,1863,1981,2035,1403,1546,1558,1645,902,917,946,1011,734,773,791,799
37,2558,2751,2780,2878,2254,2437,2441,2533,1849,1910,2020,2081,1445,1584,1587,1683,933,944,972,1040,760,805,813,828
38,2575,2767,2803,2893,2269,2447,2451,2556,1857,1919,2036,2088,1456,1599,1604,1691,939,954,983,1045,762,811,824,839
39,2617,2810,2848,2938,2310,2489,2485,2594,1894,1968,2078,2142,1484,1639,1637,1733,975,988,1006,1085,788,836,850,867
40,2643,2826,2868,2960,2327,2499,2501,2616,1906,1977,2089,2149,1498,1652,1655,1747,981,996,1021,1094,797,840,862,876
41,2683,2861,2900,2998,2366,2541,2549,2648,1954,2009,2121,2194,1534,1684,1685,1776,1004,1025,1049,1125,828,867,887,902
42,2708,2877,2917,3017,2381,2552,2565,2662,1966,2023,2132,2201,1554,1696,1707,1793,1009,1029,1061,1129,832,871,893,910
43,2756,2927,2957,3069,2414,2592,2603,2700,2007,2064,2175,2230,1585,1725,1740,1826,1045,1056,1089,1160,856,902,918,935
44,2776,2950,2975,3087,2434,2601,2618,2721,2021,2075,2186,2241,1596,1742,1756,1838,1048,1058,1100,1166,861,908,929,944
45,2814,2994,3015,3119,2468,2658,2651,2750,2063,2113,2225,2281,1627,1779,1784,1882,1081,1098,1125,1203,893,929,954,973
46,2835,3011,3031,3137,2487,2663,2668,2768,2083,2128,2236,2293,1642,1794,1798,1896,1093,1111,1137,1209,897,934,958,986
47,2879,3049,3064,3167,2527,2703,2687,2803,2120,2164,2268,2338,1672,1826,1829,1927,1132,1139,1169,1244,925,964,987,1018
48,2903,3072,3096,3193,2544,2719,2715,2834,2134,2175,2283,2354,1693,1842,1845,1944,1137,1143,1177,1252,933,969,1000,1027
49,2936,3120,3132,3238,2578,2757,2743,2864,2168,2207,2317,2391,1723,1869,1873,1983,1166,1175,1200,1282,962,1008,1028,1051
50,2960,3139,3154,3262,2594,2771,2764,2889,2184,2223,2334,2397,1741,1881,1889,1994,1173,1180,1210,1286,970,1019,1041,1063
51,3006,3173,3178,3300,2628,2803,2789,2910,2216,2257,2364,2446,1770,1916,1928,2036,1203,1216,1240,1324,994,1049,1069,1094
52,3023,3192,3204,3328,2640,2821,2815,2940,2234,2275,2373,2459,1784,1927,1943,2049,1210,1223,1254,1333,1000,1054,1080,1103
53,3061,3231,3237,3365,2676,2866,2845,2973,2270,2308,2407,2495,1819,1952,1967,2079,1241,1259,1281,1369,1031,1084,1112,1131
54,3079,3247,3263,3384,2689,2881,2879,2997,2279,2321,2420,2506,1842,1977,1985,2091,1251,1268,1293,1379,1041,1086,1123,1137
55,3103,3287,3286,3418,2724,2922,2905,3031,2315,2356,2454,2550,1865,2014,2020,2128,1287,1301,1320,1411,1072,1120,1146,1167
56,3133,3306,3309,3444,2739,2941,2925,3054,2330,2370,2475,2559,1884,2027,2035,2137,1299,1311,1340,1416,1078,1130,1159,1180
57,3178,3344,3342,3486,2770,2975,2960,3082,2365,2404,2510,2602,1919,2061,2065,2171,1324,1345,1364,1455,1115,1167,1180,1206
58,3204,3360,3367,3508,2795,2996,2988,3101,2385,2418,2532,2617,1938,2082,2081,2191,1329,1351,1375,1465,1121,1175,1195,1215
59,3237,3397,3395,3543,2827,3030,3023,3133,2423,2452,2556,2662,1956,2113,2105,2225,1355,1389,1404,1495,1147,1204,1228,1248
60,3264,3412,3418,3566,2848,3052,3042,3168,2437,2474,2574,2677,1979,2131,2124,2240,1358,1397,1416,1508,1151,1205,1242,1260
61,3291,3445,3444,3599,2870,3082,3065,3193,2466,2507,2603,2716,2012,2153,2146,2276,1393,1425,1438,1553,1183,1239,1269,1287
62,3309,3466,3469,3633,2894,3106,3091,3208,2492,2527,2626,2729,2037,2177,2166,2290,1410,1440,1456,1561,1190,1253,1280,1298
63,3336,3498,3496,3671,2922,3131,3122,3245,2530,2559,2645,2770,2065,2199,2187,2326,1440,1471,1485,1589,1222,1286,1314,1327
64,3353,3524,3514,3698,2950,3152,3145,3272,2545,2577,2678,2785,2086,2220,2213,2338,1453,1483,1502,1596,1228,1302,1324,1339
65,3386,3550,3544,3737,2982,3175,3164,3302,2580,2612,2700,2814,2113,2250,2233,2377,1489,1516,1526,1628,1269,1326,1348,1368
66,3418,3577,3577,3761,3003,3195,3191,3324,2600,2635,2725,2838,2137,2276,2258,2396,1496,1530,1540,1641,1283,1336,1366,1374
67,3446,3612,3598,3787,3036,3214,3212,3343,2632,2663,2750,2874,2162,2300,2280,2426,1520,1554,1572,1667,1301,1360,1382,1403
68,3467,3639,3625,3807,3061,3233,3228,3364,2655,2687,2775,2887,2183,2327,2308,2447,1532,1567,1586,1679,1311,1374,1391,1411
69,3493,3663,3656,3836,3095,3258,3258,3397,2677,2723,2795,2920,2209,2348,2334,2489,1562,1595,1612,1725,1344,1410,1419,1447
70,3520,3699,3687,3859,3120,3283,3280,3422,2708,2744,2819,2942,2234,2373,2356,2508,1581,1606,1627,1732,1358,1419,1438,1464
71,3546,3716,3713,3898,3145,3315,3306,3447,2738,2772,2842,2976,2260,2394,2375,2530,1612,1635,1654,1757,1395,1446,1470,1496
72,3576,3743,3740,3921,3168,3337,3332,3474,2757,2799,2858,2991,2284,2415,2396,2551,1627,1647,1672,1772,1412,1462,1488,1509
73,3608,3768,3766,3958,3203,3368,3357,3498,2787,2821,2881,3021,2312,2443,2420,2579,1649,1672,1695,1799,1434,1483,1517,1534
74,3633,3799,3796,3977,3222,3393,3384,3525,2816,2841,2905,3046,2336,2465,2442,2601,1662,1692,1710,1818,1444,1499,1534,1548
75,3661,3828,3823,4012,3246,3419,3410,3545,2837,2860,2922,3070,2352,2488,2467,2634,1689,1712,1745,1843,1481,1535,1566,1584
76,3690,3858,3844,4038,3275,3446,3428,3572,2864,2886,2945,3092,2378,2503,2493,2658,1706,1725,1758,1860,1489,1550,1578,1596
77,3708,3876,3867,4075,3303,3473,3455,3593,2882,2905,2965,3118,2405,2529,2520,2685,1735,1753,1778,1895,1523,1570,1604,1625
78,3735,3914,3892,4099,3328,3502,3480,3621,2912,2933,2990,3140,2432,2551,2557,2706,1751,1770,1796,1912,1540,1584,1616,1647
79,3768,3939,3921,4135,3356,3521,3508,3653,2925,2954,3018,3165,2465,2570,2580,2743,1783,1798,1820,1939,1569,1608,1660,1679
80,3791,3964,3946,4162,3372,3546,3529,3685,2955,2972,3037,3189,2486,2593,2605,2760,1804,1817,1842,1958,1582,1622,1667,1690
81,3821,3993,3977,4193,3402,3570,3553,3713,2982,2995,3063,3224,2518,2623,2629,2789,1836,1836,1869,1986,1608,1653,1705,1718
82,3847,4023,4002,4220,3422,3593,3581,3746,3005,3021,3080,3251,2540,2651,2654,2807,1854,1854,1885,2001,1621,1670,1715,1737
83,3875,4042,4022,4255,3455,3618,3602,3762,3035,3048,3105,3283,2563,2672,2674,2839,1882,1881,1910,2030,1667,1697,1740,1766
84,3890,4065,4051,4275,3475,3652,3626,3791,3054,3070,3126,3309,2587,2706,2701,2858,1903,1897,1927,2057,1682,1720,1765,1780
85,3918,4091,4074,4308,3507,3677,3646,3821,3070,3095,3152,3334,2614,2732,2720,2889,1927,1925,1949,2083,1711,1748,1792,1814
86,3944,4116,4096,4334,3526,3694,3664,3850,3097,3108,3169,3357,2630,2751,2746,2910,1943,1951,1973,2098,1725,1764,1814,1828
87,3973,4142,4117,4366,3558,3728,3691,3873,3120,3135,3200,3386,2660,2772,2777,2946,1970,1974,1988,2122,1760,1790,1838,1853
88,3997,4169,4142,4391,3576,3751,3707,3898,3149,3155,3225,3407,2685,2791,2808,2964,1986,1998,2005,2139,1774,1810,1854,1866
89,4019,4196,4165,4408,3606,3771,3733,3921,3176,3182,3248,3435,2712,2815,2831,2985,2014,2015,2028,2167,1801,1832,1879,1902
90,4048,4217,4185,4438,3627,3793,3754,3936,3201,3202,3266,3469,2737,2842,2853,3008,2035,2039,2050,2181,1816,1851,1898,1920
91,4075,4245,4211,4466,3658,3817,3770,3966,3221,3230,3283,3501,2763,2872,2879,3031,2068,2062,2075,2208,1844,1881,1930,1948
92,4107,4269,4228,4497,3680,3838,3792,3994,3247,3258,3300,3538,2786,2898,2901,3060,2088,2082,2101,2230,1856,1906,1953,1972
93,4127,4292,4249,4517,3705,3866,3815,4013,3277,3288,3321,3559,2818,2924,2927,3088,2109,2103,2119,2262,1892,1935,1981,2001
94,4153,4313,4271,4546,3731,3884,3839,4042,3307,3309,3351,3579,2840,2944,2952,3108,2123,2124,2140,2282,1906,1956,1994,2016
95,4182,4339,4294,4567,3758,3905,3859,4073,3331,3329,3382,3608,2867,2968,2974,3134,2156,2152,2162,2304,1935,1977,2010,2035
96,4213,4355,4315,4593,3775,3924,3880,4099,3360,3347,3408,3641,2894,2994,3001,3155,2171,2164,2187,2328,1957,2002,2025,2053
97,4240,4376,4331,4620,3793,3945,3904,4132,3373,3368,3423,3668,2921,3017,3017,3180,2190,2190,2205,2364,1984,2025,2053,2081
98,4263,4391,4344,4644,3815,3962,3920,4153,3393,3390,3449,3695,2943,3044,3041,3201,2208,2212,2228,2380,2000,2046,2075,2109
99,4283,4414,4368,4668,3832,3979,3946,4177,3416,3405,3474,3719,2970,3067,3063,3233,2232,2244,2242,2414,2027,2075,2108,2135
100,4310,4434,4380,4698,3855,3995,3967,4206,3450,3425,3497,3746,2996,3090,3086,3261,2255,2263,2263,2433,2042,2091,2119,2159
101,4341,4456,4404,4724,3880,4007,3986,4229,3480,3451,3518,3766,3027,3109,3102,3291,2287,2288,2284,2459,2074,2118,2138,2191
102,4370,4477,4423,4747,3902,4030,4000,4257,3500,3473,3539,3788,3049,3127,3125,3306,2305,2305,2313,2472,2080,2142,2165,2220
103,4395,4495,4438,4770,3928,4051,4019,4283,3520,3491,3552,3805,3069,3146,3154,3335,2332,2325,2328,2498,2115,2166,2184,2240
104,4421,4513,4467,4792,3946,4076,4036,4302,3550,3510,3567,3822,3097,3173,3178,3364,2347,2337,2352,2520,2133,2187,2203,2261
105,4446,4539,4486,4820,3965,4092,4058,4323,3574,3536,3580,3850,3117,3196,3197,3399,2370,2362,2368,2546,2168,2207,2232,2287
106,4463,4559,4512,4842,3991,4114,4072,4345,3604,3553,3598,3879,3144,3211,3212,3420,2393,2384,2387,2569,2181,2224,2252,2310
107,4480,4582,4537,4864,4017,4134,4095,4385,3629,3570,3612,3904,3178,3232,3227,3451,2419,2408,2404,2603,2217,2245,2274,2336
108,4499,4610,4556,4894,4046,4152,4109,4402,3646,3584,3630,3937,3196,3247,3251,3474,2437,2420,2424,2623,2232,2261,2300,2358
109,4521,4625,4577,4922,4069,4170,4126,4427,3662,3608,3643,3958,3224,3268,3272,3498,2472,2449,2447,2659,2263,2287,2324,2382
110,4536,4643,4600,4944,4086,4193,4144,4447,3682,3629,3660,3982,3242,3291,3295,3519,2488,2472,2465,2680,2282,2312,2348,2401
111,4555,4659,4619,4972,4109,4214,4158,4476,3701,3646,3679,4003,3258,3312,3312,3542,2513,2491,2489,2713,2314,2338,2374,2425
112,4578,4675,4648,5005,4122,4232,4172,4506,3725,3664,3701,4024,3279,3331,3336,3564,2535,2514,2512,2727,2327,2359,2401,2449
113,4607,4697,4669,5033,4144,4250,4190,4524,3745,3682,3711,4048,3306,3349,3351,3594,2555,2536,2534,2755,2357,2382,2421,2479
114,4624,4724,4686,5054,4156,4270,4215,4554,3773,3703,3722,4066,3335,3366,3369,3614,2580,2556,2553,2778,2379,2404,2437,2503
115,4647,4738,4707,5084,4172,4287,4235,4578,3788,3719,3738,4089,3356,3395,3388,3634,2606,2574,2569,2813,2400,2436,2456,2539
116,4668,4756,4723,5105,4194,4309,4258,4599,3814,3736,3750,4111,3380,3411,3404,3660,2626,2590,2584,2832,2424,2464,2483,2564
117,4689,4772,4737,5134,4214,4323,4279,4625,3829,3757,3774,4132,3403,3426,3427,3687,2654,2609,2610,2857,2450,2491,2516,2586
118,4710,4792,4758,5157,4235,4344,4293,4647,3857,3773,3793,4149,3428,3445,3446,3715,2676,2629,2624,2879,2472,2511,2536,2614
119,4733,4809,4777,5179,4252,4358,4311,4675,3876,3788,3809,4172,3449,3462,3461,3742,2710,2651,2645,2908,2492,2528,2561,2640
120,4759,4830,4798,5213,4273,4383,4325,4698,3901,3806,3830,4195,3483,3479,3482,3767,2729,2675,2664,2927,2517,2554,2581,2660
121,4780,4848,4816,5237,4292,4402,4348,4731,3928,3827,3849,4214,3500,3502,3502,3787,2759,2691,2685,2947,2544,2575,2609,2684
122,4803,4863,4835,5261,4315,4428,4367,4753,3956,3844,3871,4234,3519,3523,3516,3816,2782,2712,2707,2967,2570,2592,2636,2707
123,4825,4884,4849,5288,4335,4445,4387,4780,3977,3860,3883,4259,3533,3535,3532,3836,2806,2735,2730,2991,2591,2613,2654,2728
124,4851,4902,4873,5314,4355,4459,4404,4809,4004,3880,3902,4283,3557,3554,3550,3851,2825,2760,2755,3015,2618,2640,2678,2760
125,4866,4923,4897,5338,4375,4475,4421,4833,4026,3900,3922,4306,3580,3569,3568,3873,2847,2781,2770,3042,2644,2670,2694,2785
126,4889,4939,4918,5363,4391,4489,4437,4857,4044,3921,3938,4323,3614,3592,3585,3895,2874,2807,2787,3069,2661,2695,2715,2810
127,4908,4958,4933,5382,4415,4509,4453,4882,4064,3945,3955,4344,3630,3603,3607,3916,2897,2826,2813,3100,2688,2722,2738,2838
128,4927,4975,4956,5408,4435,4528,4477,4903,4088,3966,3973,4375,3656,3615,3620,3935,2909,2840,2835,3119,2716,2737,2764,2863
129,4949,4993,4977,5441,4451,4548,4484,4930,4109,3986,3992,4395,3675,3628,3639,3957,2937,2865,2855,3146,2735,2756,2790,2884
130,4967,5022,4990,5459,4472,4568,4508,4946,4132,3998,4006,4416,3701,3650,3656,3980,2965,2884,2875,3163,2763,2779,2812,2908
131,4985,5038,5010,5492,4498,4591,4516,4964,4150,4011,4031,4432,3718,3666,3672,3999,2990,2905,2891,3183,2795,2803,2827,2930
132,5005,5061,5023,5504,4511,4609,4535,4988,4177,4031,4051,4457,3735,3684,3686,4023,3021,2924,2907,3204,2822,2825,2849,2949
133,5024,5083,5041,5527,4531,4629,4548,5009,4191,4052,4069,4476,3757,3702,3702,4043,3042,2945,2927,3226,2852,2857,2878,2965
134,5035,5099,5054,5546,4554,4645,4564,5025,4208,4072,4089,4495,3776,3718,3709,4064,3059,2964,2947,3240,2872,2875,2894,2996
135,5049,5117,5073,5572,4573,4658,4575,5043,4234,4092,4100,4510,3798,3733,3725,4084,3078,2980,2969,3253,2897,2901,2914,3021
136,5066,5131,5088,5596,4601,4678,4593,5063,4251,4108,4120,4536,3816,3752,3739,4101,3102,3001,2986,3276,2925,2922,2937,3049
137,5083,5146,5107,5617,4621,4685,4608,5086,4277,4126,4131,4556,3840,3768,3750,4121,3122,3018,3001,3295,2951,2945,2968,3080
138,5113,5168,5126,5636,4643,4704,4620,5111,4297,4135,4150,4571,3857,3788,3762,4142,3144,3037,3014,3323,2972,2963,2983,3113
139,5131,5182,5140,5650,4662,4714,4632,5135,4320,4150,4169,4588,3879,3805,3786,4158,3175,3045,3033,3345,2996,2991,3015,3131
140,5154,5201,5152,5669,4680,4724,4650,5150,4345,4162,4190,4606,3901,3824,3806,4174,3194,3061,3045,3372,3015,3010,3034,3161
141,5179,5214,5164,5689,4703,4735,4660,5170,4363,4180,4206,4628,3923,3837,3827,4195,3215,3076,3062,3393,3043,3032,3059,3179
142,5199,5231,5179,5712,4716,4745,4677,5183,4389,4193,4221,4640,3948,3850,3839,4211,3235,3085,3085,3413,3061,3047,3081,3205
143,5213,5248,5190,5731,4741,4755,4688,5197,4403,4212,4232,4659,3970,3862,3863,4233,3251,3106,3105,3430,3076,3071,3098,3225
144,5237,5259,5209,5749,4755,4764,4700,5222,4421,4225,4246,4676,3998,3882,3872,4251,3273,3116,3123,3452,3101,3089,3124,3250
145,5256,5274,5225,5767,4770,4778,4715,5233,4440,4248,4258,4698,4018,3899,3894,4274,3297,3136,3137,3479,3125,3108,3142,3266
146,5267,5290,5245,5786,4786,4796,4727,5247,4449,4263,4276,4713,4035,3913,3908,4295,3318,3154,3149,3498,3153,3122,3165,3292
147,5290,5305,5267,5805,4806,4808,4749,5266,4471,4273,4292,4728,4060,3924,3922,4315,3340,3171,3167,3524,3172,3155,3187,3314
148,5304,5319,5280,5825,4815,4825,4761,5282,4485,4287,4307,4746,4076,3946,3941,4331,3357,3189,3187,3540,3190,3174,3215,3341
149,5327,5340,5292,5850,4829,4832,4769,5306,4497,4305,4318,4768,4096,3958,3955,4348,3380,3207,3209,3568,3218,3197,3237,3359
150,5347,5354,5307,5866,4847,4841,4785,5323,4514,4327,4333,4789,4121,3973,3972,4359,3398,3222,3226,3586,3249,3212,3257,3390
151,5366,5363,5321,5890,4860,4851,4797,5336,4534,4345,4346,4818,4140,3992,3989,4381,3413,3242,3249,3605,3268,3234,3275,3419
152,5380,5379,5333,5911,4872,4863,4810,5351,4549,4357,4361,4833,4153,4009,4003,4398,3438,3255,3263,3624,3293,3259,3301,3441
153,5403,5385,5344,5925,4889,4876,4827,5371,4572,4373,4372,4854,4168,4021,4021,4419,3454,3269,3272,3647,3313,3281,3323,3465
154,5416,5396,5361,5944,4904,4886,4833,5386,4587,4380,4382,4869,4182,4034,4037,4433,3474,3285,3289,3662,3333,3304,3343,3487
155,5434,5416,5370,5961,4920,4895,4849,5399,4608,4393,4390,4891,4198,4054,4049,4458,3497,3306,3307,3691,3359,3320,3363,3515
156,5446,5425,5383,5980,4937,4900,4859,5422,4626,4407,4402,4906,4213,4068,4072,4479,3517,3323,3326,3708,3384,3337,3379,3541
157,5460,5431,5395,6000,4960,4912,4867,5440,4642,4422,4414,4923,4245,4086,4086,4500,3542,3340,3343,3730,3404,3352,3395,3556
158,5476,5444,5405,6028,4978,4920,4877,5455,4655,4437,4421,4941,4263,4103,4109,4517,3554,3352,3359,3747,3427,3369,3411,3577
159,5492,5456,5420,6048,4993,4933,4886,5475,4672,4446,4436,4952,4287,4112,4124,4540,3566,3369,3379,3777,3447,3391,3424,3599
160,5510,5463,5436,6062,5015,4944,4896,5492,4684,4461,4450,4970,4304,4126,4136,4560,3591,3381,3400,3798,3473,3412,3445,3627
161,5526,5479,5442,6084,5031,4950,4909,5510,4697,4471,4460,4989,4327,4135,4149,4583,3613,3393,3418,3824,3490,3431,3467,3647
162,5540,5489,5454,6105,5048,4964,4912,5526,4708,4483,4476,5001,4345,4147,4161,4594,3634,3409,3430,3843,3511,3457,3489,3671
163,5561,5499,5463,6123,5059,4973,4920,5545,4722,4504,4489,5021,4366,4156,4178,4604,3647,3427,3451,3862,3546,3475,3512,3693
164,5573,5511,5473,6140,5072,4984,4932,5559,4733,4516,4496,5036,4387,4169,4193,4615,3661,3442,3466,3878,3567,3500,3531,3724
165,5590,5521,5480,6149,5085,4997,4941,5578,4747,4532,4507,5052,4403,4185,4203,4632,3674,3461,3489,3899,3583,3518,3551,3743
166,5600,5530,5491,6165,5098,5006,4949,5593,4758,4540,4518,5069,4426,4199,4222,4644,3687,3470,3503,3911,3599,3543,3570,3774
167,5622,5540,5500,6177,5114,5013,4959,5615,4771,4557,4533,5079,4445,4214,4233,4662,3703,3481,3517,3930,3623,3558,3592,3800
168,5640,5545,5510,6190,5123,5023,4969,5629,4789,4577,4548,5092,4461,4224,4247,4679,3725,3498,3531,3945,3641,3584,3614,3816
169,5657,5557,5524,6206,5141,5037,4977,5639,4798,4582,4558,5106,4476,4238,4257,4697,3741,3517,3545,3963,3664,3604,3632,3841
170,5673,5570,5539,6227,5157,5043,4986,5654,4809,4594,4570,5118,4505,4250,4276,4709,3761,3537,3563,3984,3678,3625,3647,3859
171,5682,5577,5550,6237,5163,5054,4997,5675,4822,4607,4585,5135,4521,4262,4286,4729,3783,3547,3590,3998,3705,3641,3665,3885
172,5688,5583,5557,6254,5173,5063,5008,5691,4834,4617,4596,5144,4535,4275,4295,4747,3801,3561,3607,4024,3723,3664,3682,3912
173,5706,5594,5573,6273,5190,5069,5014,5710,4842,4624,4607,5163,4549,4282,4308,4758,3815,3579,3621,4041,3740,3678,3703,3932
174,5712,5603,5588,6295,5207,5080,5024,5722,4855,4640,4621,5171,4567,4294,4317,4778,3840,3599,3641,4062,3754,3698,3719,3952
175,5729,5616,5593,6307,5216,5093,5031,5733,4870,4643,4629,5194,4587,4307,4335,4800,3864,3606,3654,4077,3776,3719,3741,3973
176,5749,5629,5603,6322,5229,5099,5037,5751,4886,4649,4641,5210,4601,4329,4344,4806,3880,3617,3672,4095,3802,3736,3758,4007
177,5763,5637,5611,6334,5244,5105,5048,5770,4897,4657,4649,5218,4616,4341,4361,4827,3896,3622,3683,4116,3815,3758,3782,4028
178,5771,5645,5624,6352,5257,5113,5055,5780,4905,4666,4657,5235,4632,4358,4374,4840,3913,3632,3693,4136,3840,3782,3799,4056
179,5793,5653,5638,6361,5267,5120,5067,5791,4918,4672,4665,5255,4644,4374,4381,4863,3929,3643,3710,4157,3846,3803,3826,4075
180,5809,5666,5645,6376,5281,5128,5071,5804,4926,4678,4676,5266,4665,4389,4387,4874,3946,3657,3721,4174,3867,3821,3846,4093
181,5820,5676,5654,6391,5291,5136,5080,5821,4949,4687,4683,5280,4677,4398,4397,4885,3964,3672,3733,4196,3887,3834,3858,4119
182,5827,5680,5667,6400,5297,5146,5091,5830,4962,4698,4693,5291,4688,4410,4406,4897,3980,3683,3746,4214,3912,3851,3874,4135
183,5835,5693,5676,6413,5312,5157,5097,5843,4972,4710,4702,5304,4697,4418,4416,4910,3998,3695,3757,4228,3927,3865,3888,4157
184,5850,5700,5685,6430,5319,5162,5104,5852,4983,4719,4708,5315,4708,4429,4424,4927,4012,3708,3768,4240,3948,3885,3907,4174
185,5858,5715,5697,6439,5328,5170,5115,5862,4991,4725,4712,5328,4720,4442,4434,4939,4026,3721,3783,4253,3962,3902,3926,4196
186,5872,5723,5706,6458,5341,5180,5124,5875,5001,4733,4719,5337,4731,4447,4447,4951,4036,3735,3789,4269,3977,3918,3935,4220
187,5884,5726,5713,6471,5352,5188,5126,5884,5012,4739,4724,5358,4743,4456,4456,4965,4053,3747,3801,4283,3998,3934,3944,4241
188,5896,5737,5717,6481,5358,5198,5134,5896,5019,4748,4732,5366,4759,4463,4465,4978,4068,3756,3814,4297,4018,3950,3956,4262
189,5911,5748,5726,6497,5366,5205,5146,5905,5028,4752,4744,5373,4771,4472,4474,4987,4080,3762,3830,4313,4039,3967,3972,4281
190,5917,5753,5735,6507,5373,5211,5159,5912,5044,4761,4753,5385,4782,4486,4490,4998,4100,3775,3835,4329,4053,3977,3985,4300
191,5926,5766,5745,6520,5383,5219,5162,5924,5054,4771,4759,5395,4796,4493,4499,5015,4112,3782,3842,4343,4073,3993,4006,4313
192,5935,5776,5755,6531,5397,5226,5163,5937,5061,4775,4764,5403,4808,4497,4511,5030,4128,3792,3856,4356,4082,4013,4018,4334
193,5941,5790,5763,6538,5399,5233,5174,5950,5073,4781,4767,5417,4814,4504,4522,5039,4144,3807,3869,4371,4101,4031,4033,4355
194,5949,5793,5770,6546,5411,5239,5182,5961,5080,4785,4771,5429,4829,4510,4534,5053,4153,3816,3877,4383,4111,4040,4049,4382
195,5954,5798,5777,6555,5420,5244,5188,5976,5088,4790,4780,5439,4838,4516,4543,5064,4169,3830,3885,4404,4136,4056,4062,4400
196,5960,5806,5783,6563,5427,5249,5191,5985,5095,4795,4786,5446,4849,4523,4547,5080,4185,3843,3897,4420,4157,4068,4074,4425
197,5967,5812,5785,6576,5436,5255,5194,5991,5110,4803,4793,5460,4858,4529,4556,5094,4198,3854,3901,4432,4172,4085,4090,4439
198,5976,5820,5790,6587,5447,5260,5200,5995,5117,4808,4798,5465,4865,4544,4567,5107,4206,3862,3910,4452,4180,4099,4103,4452
199,5982,5823,5799,6599,5454,5263,5204,6008,5123,4813,4806,5473,4874,4548,4581,5121,4223,3868,3923,4472,4193,4113,4112,4474
200,5990,5825,5805,6610,5465,5265,5209,6017,5134,4813,4814,5481,4885,4558,4587,5132,4238,3875,3931,4488,4207,4129,4127,4498
201,6003,5830,5811,6618,5473,5270,5212,6032,5141,4818,4815,5488,4894,4564,4594,5143,4248,3885,3941,4506,4221,4140,4141,4517
202,6015,5837,5813,6627,5478,5282,5216,6049,5153,4826,4817,5496,4905,4567,4603,5150,4261,3893,3949,4517,4240,4154,4159,4539
203,6022,5843,5819,6634,5484,5287,5219,6059,5164,4833,4827,5502,4918,4574,4609,5166,4277,3902,3960,4527,4257,4166,4174,4555
204,6030,5848,5826,6648,5491,5290,5227,6065,5173,4837,4833,5510,4926,4578,4617,5182,4289,3912,3969,4540,4272,4182,4191,4570
205,6041,5856,5832,6660,5492,5292,5233,6074,5184,4841,4835,5515,4931,4586,4625,5188,4300,3920,3975,4548,4286,4196,4206,4588
206,6047,5864,5840,6669,5496,5297,5239,6087,5193,4846,4838,5521,4939,4591,4633,5197,4315,3929,3985,4557,4294,4209,4219,4612
207,6051,5868,5842,6678,5508,5308,5246,6093,5202,4849,4843,5528,4950,4596,4643,5211,4323,3937,3997,4563,4307,4225,4229,4630
208,6058,5872,5847,6688,5513,5312,5250,6098,5209,4851,4850,5536,4956,4597,4652,5220,4334,3949,4001,4574,4319,4243,4241,4645
209,6068,5879,5856,6690,5525,5315,5254,6105,5218,4856,4860,5543,4962,4603,4660,5232,4349,3955,4009,4586,4333,4256,4249,4664
210,6076,5886,5861,6699,5526,5322,5257,6115,5230,4862,4864,5549,4970,4607,4663,5247,4360,3969,4015,4600,4351,4269,4256,4681
211,6080,5891,5866,6708,5534,5326,5265,6123,5241,4867,4868,5556,4980,4615,4668,5259,4374,3980,4023,4609,4369,4278,4272,4706
212,6084,5892,5871,6713,5545,5330,5273,6132,5249,4873,4871,5565,4989,4618,4676,5274,4386,3985,4025,4620,4391,4288,4278,4718
213,6091,5898,5875,6720,5548,5335,5280,6144,5255,4876,4878,5571,4997,4625,4681,5285,4392,3992,4036,4631,4400,4299,4287,4741
214,6100,5904,5880,6730,5556,5338,5285,6151,5263,4880,4886,5575,5005,4631,4687,5294,4405,4002,4042,4645,4411,4322,4300,4755
215,6106,5911,5887,6737,5560,5346,5287,6157,5273,4885,4892,5584,5010,4636,4691,5298,4416,4008,4044,4656,4428,4336,4310,4762
216,6114,5916,5891,6739,5565,5347,5293,6166,5279,4889,4895,5593,5015,4639,4697,5310,4423,4010,4054,4664,4433,4347,4320,4784
217,6119,5925,5894,6750,5569,5352,5297,6172,5289,4893,4900,5599,5026,4646,4701,5322,4432,4015,4063,4671,4443,4361,4331,4794
218,6128,5932,5898,6759,5578,5355,5301,6177,5297,4899,4903,5602,5033,4651,4712,5326,4440,4022,4069,4680,4459,4370,4343,4811
219,6135,5939,5906,6763,5584,5359,5306,6182,5302,4904,4908,5609,5042,4656,4716,5334,4453,4030,4073,4687,4471,4383,4353,4826
220,6144,5943,5911,6772,5589,5363,5307,6191,5306,4905,4913,5618,5050,4662,4720,5341,4460,4039,4085,4693,4482,4395,4361,4841
221,6148,5949,5914,6776,5591,5369,5311,6201,5318,4908,4919,5623,5056,4669,4730,5344,4467,4045,4092,4705,4491,4411,4372,4861
222,6156,5958,5918,6779,5598,5373,5315,6209,5322,4913,4922,5632,5063,4672,4734,5354,4479,4054,4099,4714,4512,4425,4384,4875
223,6158,5962,5921,6790,5604,5374,5318,6215,5326,4918,4926,5637,5073,4673,4741,5366,4495,4060,4107,4726,4527,4442,4394,4891
224,6165,5970,5926,6799,5612,5378,5324,6222,5331,4923,4929,5642,5077,4676,4748,5375,4505,4067,4116,4735,4541,4450,4407,4902
225,6172,5970,5931,6808,5614,5381,5331,6234,5338,4928,4932,5647,5086,4681,4755,5382,4514,4070,4121,4743,4553,4459,4420,4911
226,6180,5975,5935,6809,5620,5383,5339,6238,5342,4931,4936,5654,5093,4688,4757,5395,4521,4076,4128,4755,4567,4471,4428,4928
227,6185,5979,5936,6815,5624,5386,5342,6248,5350,4937,4940,5660,5103,4690,4763,5403,4528,4083,4135,4767,4583,4479,4439,4937
228,6189,5983,5941,6825,5627,5387,5344,6255,5354,4939,4944,5666,5110,4693,4767,5407,4538,4087,4141,4774,4595,4483,4447,4947
229,6196,5986,5944,6834,5637,5389,5345,6264,5358,4940,4948,5674,5113,4696,4776,5416,4550,4093,4143,4787,4605,4495,4453,4959
230,6201,5988,5948,6840,5642,5391,5349,6270,5363,4942,4951,5682,5124,4699,4779,5424,4559,4102,4147,4794,4617,4500,4465,4969
231,6207,5991,5952,6847,5647,5393,5351,6272,5366,4943,4957,5688,5130,4705,4782,5430,4570,4109,4157,4799,4627,4511,4471,4981
232,6211,5997,5957,6851,5648,5395,5354,6273,5374,4945,4960,5689,5133,4707,4784,5439,4576,4115,4163,4808,4638,4518,4483,4994
233,6219,5998,5959,6856,5654,5399,5356,6277,5377,4947,4962,5697,5136,4710,4788,5445,4580,4122,4170,4817,4648,4523,4495,5009
234,6225,6001,5962,6860,5660,5403,5358,6281,5383,4947,4965,5704,5140,4716,4796,5449,4583,4130,4176,4827,4665,4529,4502,5016
235,6231,6003,5968,6868,5667,5406,5359,6286,5393,4949,4969,5712,5146,4723,4806,5457,4585,4136,4180,4835,4674,4542,4517,5028
236,6236,6007,5972,6870,5674,5410,5359,6292,5404,4954,4973,5716,5152,4733,4810,5461,4590,4139,4184,4840,4687,4549,4525,5043
237,6241,6011,5975,6875,5677,5413,5360,6300,5409,4956,4975,5723,5160,4734,4816,5465,4592,4145,4188,4859,4706,4557,4531,5060
238,6245,6014,5978,6878,5678,5413,5365,6308,5411,4960,4978,5729,5171,4736,4817,5469,4601,4148,4191,4867,4718,4565,4543,5066
239,6253,6017,5981,6881,5685,5416,5366,6316,5421,4963,4979,5739,5174,4740,4818,5478,4606,4153,4195,4876,4731,4574,4553,5084
240,6256,6022,5983,6885,5689,5422,5367,6322,5429,4964,4985,5744,5177,4742,4824,5485,4613,4158,4202,4884,4737,4583,4559,5097
241,6265,6023,5985,6891,5694,5425,5370,6325,5436,4965,4989,5746,5181,4747,4831,5493,4623,4161,4206,4895,4746,4589,4563,5114
242,6272,6025,5987,6895,5699,5426,5370,6329,5439,4969,4991,5751,5187,4751,4835,5502,4632,4167,4214,4900,4761,4599,4571,5123
243,6275,6027,5994,6901,5705,5430,5373,6336,5441,4973,4992,5756,5194,4753,4839,5509,4635,4172,4219,4907,4781,4607,4584,5134
244,6280,6031,5994,6908,5707,5432,5374,6338,5449,4975,4995,5760,5198,4753,4843,5514,4641,4174,4224,4913,4788,4615,4592,5146
245,6281,6037,5996,6916,5713,5434,5377,6345,5453,4981,4996,5762,5206,4753,4846,5519,4648,4177,4228,4916,4801,4627,4597,5163
246,6284,6042,5999,6919,5716,5436,5378,6351,5457,4984,5002,5767,5210,4754,4851,5522,4654,4179,4235,4922,4812,4637,4604,5178
247,6288,6045,6000,6924,5723,5439,5381,6355,5460,4984,5004,5773,5216,4758,4859,5530,4658,4183,4240,4931,4826,4641,4609,5187
248,6292,6049,6000,6926,5728,5442,5387,6362,5462,4985,5005,5774,5223,4765,4863,5536,4664,4186,4244,4936,4836,4657,4615,5201
249,6297,6050,6002,6934,5729,5446,5393,6364,5466,4988,5008,5779,5230,4766,4866,5542,4674,4189,4248,4937,4844,4664,4624,5212
250,6299,6051,6004,6937,5733,5447,5395,6370,5471,4990,5009,5786,5239,4766,4870,5545,4680,4193,4253,4941,4850,4670,4626,5221
251,6304,6055,6006,6940,5733,5449,5396,6376,5475,4991,5013,5789,5242,4767,4873,5549,4682,4196,4256,4943,4858,4677,4635,5226
252,6311,6059,6010,6943,5736,5454,5397,6380,5479,4993,5013,5793,5244,4770,4874,5553,4690,4203,4262,4945,4868,4681,4641,5237
253,6316,6059,6012,6947,5739,5457,5398,6384,5485,4995,5018,5800,5248,4771,4876,5557,4695,4208,4267,4951,4878,4683,4647,5249
254,6317,6062,6014,6953,5741,5459,5399,6387,5488,4997,5019,5804,5254,4774,4882,5560,4701,4211,4272,4957,4883,4692,4658,5259
255,6321,6064,6015,6955,5744,5462,5403,6392,5490,4998,5021,5811,5261,4774,4884,5564,4706,4216,4273,4961,4892,4696,4665,5266
256,6321,6065,6017,6958,5746,5462,5405,6396,5490,4998,5024,5816,5265,4775,4886,5573,4712,4219,4274,4967,4907,4699,4673,5276
257,6321,6067,6019,6960,5747,5464,5407,6399,5499,5001,5024,5820,5268,4776,4889,5575,4717,4224,4280,4968,4912,4702,4677,5286
258,6326,6069,6022,6963,5751,5467,5409,6404,5503,5003,5026,5826,5270,4779,4892,5578,4719,4230,4288,4975,4920,4706,4685,5295
259,6329,6072,6025,6968,5751,5468,5410,6407,5504,5005,5028,5833,5272,4783,4895,5580,4726,4233,4292,4982,4928,4713,4689,5302
260,6331,6074,6027,6976,5753,5469,5411,6410,5506,5007,5029,5836,5276,4785,4899,5587,4731,4239,4299,4988,4941,4715,4695,5321
261,6334,6076,6030,6983,5754,5471,5412,6412,5506,5009,5030,5838,5282,4790,4900,5590,4736,4243,4303,4997,4951,4720,4700,5332
262,6337,6077,6031,6984,5759,5471,5414,6417,5515,5010,5033,5839,5286,4791,4901,5595,4742,4246,4304,5000,4961,4725,4707,5339
263,6340,6077,6033,6989,5761,5473,5416,6418,5518,5012,5036,5842,5288,4793,4902,5601,4749,4249,4309,5004,4965,4731,4711,5348
264,6344,6079,6033,6993,5764,5473,5416,6423,5520,5013,5039,5843,5294,4794,4904,5603,4756,4252,4313,5010,4972,4735,4715,5356
265,6347,6081,6035,6996,5770,5474,5417,6427,5521,5015,5042,5849,5296,4795,4907,5606,4758,4254,4317,5012,4980,4741,4718,5365
266,6348,6081,6036,6997,5773,5478,5420,6430,5524,5016,5044,5855,5301,4796,4910,5611,4761,4255,4320,5023,4990,4746,4726,5375
267,6351,6081,6037,7002,5776,5480,5422,6437,5525,5016,5046,5860,5307,4799,4911,5613,4769,4258,4324,5026,4999,4750,4732,5386
268,6353,6083,6040,7004,5777,5481,5424,6439,5525,5020,5046,5861,5310,4801,4912,5617,4773,4259,4325,5035,5008,4757,4740,5387
269,6355,6087,6043,7006,5779,5481,5425,6440,5530,5021,5047,5864,5313,4804,4915,5620,4780,4265,4327,5038,5017,4759,4745,5396
270,6358,6088,6043,7010,5781,5482,5426,6443,5533,5022,5048,5866,5318,4807,4917,5624,4784,4266,4334,5044,5027,4764,4752,5405
271,6359,6090,6043,7011,5784,5484,5431,6444,5538,5022,5051,5868,5323,4809,4917,5630,4789,4270,4339,5050,5033,4767,4757,5413
272,6362,6094,6046,7017,5788,5486,5432,6448,5540,5023,5052,5873,5327,4810,4918,5633,4792,4273,4342,5055,5039,4775,4759,5420
273,6365,6094,6047,7019,5792,5487,5434,6452,5544,5023,5054,5874,5328,4810,4922,5638,4797,4274,4344,5061,5042,4776,4762,5430
274,6367,6095,6048,7024,5794,5488,5435,6457,5549,5025,5057,5876,5330,4814,4925,5639,4798,4279,4346,5064,5054,4785,4766,5434
275,6369,6096,6049,7024,5795,5489,5437,6461,5552,5027,5060,5879,5333,4816,4929,5640,4800,4283,4347,5066,5061,4789,4770,5446
276,6370,6096,6051,7026,5796,5491,5439,6466,5555,5027,5060,5881,5335,4819,4931,5645,4801,4285,4348,5069,5065,4794,4774,5455
277,6372,6097,6053,7030,5800,5491,5439,6466,5559,5029,5062,5886,5336,4821,4933,5647,4807,4286,4349,5074,5076,4797,4779,5461
278,6374,6098,6053,7032,5801,5491,5441,6470,5562,5030,5062,5889,5337,4821,4936,5654,4811,4291,4350,5082,5081,4801,4784,5466
279,6377,6101,6054,7032,5802,5492,5444,6471,5569,5033,5064,5890,5339,4821,4936,5661,4815,4293,4350,5082,5085,4805,4787,5472
280,6379,6101,6054,7035,5802,5494,5445,6473,5569,5033,5064,5891,5341,4823,4937,5663,4821,4299,4352,5087,5092,4808,4792,5478
281,6384,6104,6055,7038,5802,5495,5447,6476,5571,5033,5066,5892,5345,4825,4937,5666,4824,4299,4354,5091,5099,4812,4796,5484
282,6385,6105,6056,7040,5804,5495,5447,6478,5578,5034,5067,5893,5347,4827,4937,5667,4826,4301,4355,5097,5105,4817,4800,5489
283,6390,6105,6056,7041,5808,5496,5447,6480,5580,5034,5067,5896,5350,4828,4941,5669,4829,4303,4355,5098,5109,4826,4805,5491
284,6392,6106,6057,7042,5809,5496,5447,6484,5582,5035,5068,5898,5351,4829,4944,5671,4834,4304,4355,5098,5121,4826,4812,5501
285,6394,6108,6058,7048,5812,5496,5447,6488,5582,5036,5068,5899,5353,4831,4946,5672,4838,4309,4358,5102,5126,4827,4814,5509
286,6394,6108,6058,7050,5813,5496,5449,6489,5585,5037,5070,5901,5354,4831,4947,5676,4843,4314,4363,5105,5129,4832,4820,5515
287,6397,6110,6059,7055,5817,5499,5450,6493,5585,5038,5071,5905,5354,4831,4948,5676,4848,4315,4363,5108,5133,4835,4821,5522
288,6397,6110,6059,7057,5819,5499,5451,6493,5589,5038,5071,5906,5355,4833,4950,5678,4854,4318,4363,5110,5140,4840,4821,5534
